Experiment Repetition Index,"(0,KS)","(1,KS)","(2,KS)","(0,CHI2)","(1,CHI2)","(2,CHI2)"
0,0.09149499731098983,0.019422680314375926,0.011171625800404103,0.2966042547584785,0.02057423450207046,0.0116618772353441
1,0.09385623633556943,0.017989684775740825,0.010275410371371052,0.31199689636744926,0.019291766702076073,0.010739771696442718
2,0.10330119243390995,0.018673635993391786,0.010942122211498094,0.3237022931804635,0.01964970410906599,0.011119624252143802
3,0.09621747536016108,0.01649479615357549,0.010157902145335806,0.32540612570958255,0.019003979549852685,0.010477181477083243
4,0.0985787143847758,0.017329703701727168,0.010182631457330778,0.2798883819346879,0.018835427911068625,0.010658650875270837
5,0.09621747536015446,0.017659721305811792,0.010692645606472172,0.3249412071382972,0.019747111103466997,0.010688437406219194
6,0.09385623633556753,0.018206144412616358,0.010546601280054472,0.3039894912103396,0.01954299461576946,0.0109726045365181
7,0.09149499731098895,0.017960317878095898,0.010478844873248698,0.32603178636964675,0.019644880611256715,0.010731839486330233
8,0.09149499731098677,0.018131250801021473,0.010489720492775224,0.3104342322292524,0.019405993345159144,0.010912118729489764
9,0.10330119245185214,0.01858282787336645,0.009966526794927905,0.24366856062826428,0.01978606764612208,0.010645360377492273
