Experiment Repetition Index,"(0,KS)","(1,KS)","(2,KS)","(0,CHI2)","(1,CHI2)","(2,CHI2)"
0,0.07263315973237217,0.012289145594812968,0.00800374867442835,0.258524332657321,0.01224007337293894,0.007872234184551538
1,0.06535712983457388,0.01200673766241199,0.007557788110059825,0.2461947918531662,0.012860225412012748,0.007757158216259536
2,0.06826754253577434,0.012629109595240925,0.00812356350138205,0.24161643940413716,0.014060969562552636,0.008290756801487265
3,0.06681233478090194,0.01262868756179063,0.008295297027409035,0.25851815067086636,0.01377760110169525,0.008364006624227174
4,0.06390192409903955,0.012234939684032366,0.008042728220119767,0.25566176989962347,0.013370237394389488,0.008146962507637827
5,0.06972274871589658,0.012763156669559227,0.00769069215199763,0.25852637701292197,0.012927105996981086,0.00774469754710986
6,0.06972274921092203,0.012744395518517523,0.007798658528453994,0.2303451622110995,0.013473150861124158,0.008036192897437148
7,0.06535712983134968,0.01304697508491709,0.008199235651823433,0.2585343213868166,0.013923188320055886,0.008330554497051345
8,0.06681233477890147,0.013058273682967105,0.008579180416157767,0.25853434476482956,0.014307971669952398,0.008657791628168831
9,0.06972275022914823,0.012398147749271992,0.007319304664341919,0.22563213011066569,0.013203816868135527,0.00763016149033635
