Experiment Repetition Index,"(0,KS)","(1,KS)","(2,KS)","(0,CHI2)","(1,CHI2)","(2,CHI2)"
0,0.09385623633557466,0.013604241876331772,0.008673077772735136,0.3185232165361961,0.014215963692277294,0.008799560207638227
1,0.0914949973109914,0.013112664281900171,0.007695276920012612,0.2794487861208295,0.013981478964387731,0.008037221452321821
2,0.09149499731098702,0.014776157808189586,0.009013389549549193,0.31229134709552997,0.015511293169070902,0.009197216970869622
3,0.09621747536015388,0.01282899501872323,0.00808418207785844,0.32472942704732577,0.013781095800157161,0.008205796895970984
4,0.09385623633556955,0.013498545119901496,0.008082134433078349,0.30545475889036894,0.013893444663609384,0.008334456167946938
5,0.1009399534093327,0.012777087775668144,0.007347802856320483,0.31592483530329957,0.012768144474600415,0.007531284748430566
6,0.09149499731099098,0.013057200156881775,0.007626698737145879,0.26889345034298834,0.013790921540603997,0.007984927640380208
7,0.09385623633556961,0.013223614633540357,0.00814239251235949,0.3261381232466867,0.013642509049467344,0.008205362986793932
8,0.09149499731098688,0.013677343057429805,0.008475635064069384,0.3231391312845221,0.01429297935546187,0.008658238635096967
9,0.10093995340933767,0.012932036673355839,0.007190268156265311,0.271502459204751,0.013262110989448307,0.007517952240754186
