Experiment Repetition Index,"(0,KS)","(1,KS)","(2,KS)","(0,CHI2)","(1,CHI2)","(2,CHI2)"
0,0.0985787143847334,0.015194080389140687,0.009986855398002772,0.3236370506294176,0.016616466726254563,0.009862562162858066
1,0.09149499731098511,0.014312111028212301,0.009081470578712779,0.32407399538882176,0.015533025400831887,0.008963523371193074
2,0.0962174753601502,0.01464364193663467,0.00979742562096084,0.31924716544368903,0.01619175401654799,0.009292809294754246
3,0.09385623633557025,0.013682888991680367,0.008811665200904916,0.3216210235140457,0.015797252005420457,0.008752083212947412
4,0.09621747536015363,0.013789448179220398,0.008861456962495318,0.325727652122637,0.014421953784791167,0.00876497578947365
5,0.09857871438473381,0.012969266291340115,0.009217935424674124,0.3142792136669552,0.017362098660221842,0.009266979840074435
6,0.09621747536015196,0.01503215369534564,0.009430866499319363,0.3243419406237107,0.015582789826849037,0.00915590044680965
7,0.0914949973109851,0.01451592037664615,0.009308116611932132,0.32002587648563874,0.01663252910089124,0.009175649471148937
8,0.09621747536015196,0.014944522305510669,0.009317541492386077,0.3236895231669605,0.015499302825930318,0.009082073932421646
9,0.10093995340931422,0.014816602000216403,0.008839295011367697,0.32478630397805586,0.015532334644156525,0.009074453433486939
