Experiment Repetition Index,"(0,KS)","(1,KS)","(2,KS)","(0,CHI2)","(1,CHI2)","(2,CHI2)"
0,0.09646953343765866,0.025406962338847792,0.01385955299740506,0.20867053666003346,0.030086603004022716,0.01469023029772946
1,0.09418403468600553,0.022830041549318596,0.01234907791632532,0.2177895007064391,0.031359072995261084,0.015186919500119288
2,0.09646953344024295,0.02563280645674996,0.01389348707747891,0.23640628986584572,0.033159340161766825,0.01611407798299247
3,0.10104053093992478,0.022441327234314034,0.01217452347502069,0.2545216979360259,0.033003436744135126,0.01622027591858689
4,0.09418403468875929,0.023446264811377925,0.012686449887318223,0.20022847674831853,0.028076665475149844,0.013669281248920091
5,0.10609011435635413,0.028042812994383392,0.014991545758647667,0.3425287451951626,0.03372826508908672,0.01699992544572279
6,0.09189853593637798,0.022616450403382463,0.012341977373385389,0.2082131037148533,0.03055667574403396,0.014869543939071464
7,0.0941840346874807,0.02379857325708362,0.012996247986089893,0.2612093137431897,0.03344211656794261,0.0166077963382107
8,0.08732753843348041,0.02281057490639394,0.01258748137360698,0.21800033233538071,0.03113394915339094,0.015081157015501879
9,0.07818554343204086,0.0205720136141406,0.011116439383101048,0.17656305039838893,0.02486404552982565,0.012111371649407857
