Experiment Repetition Index,"(0,KS)","(1,KS)","(2,KS)","(0,CHI2)","(1,CHI2)","(2,CHI2)"
0,0.06826754887056585,0.016336165780451006,0.009312059346210955,0.18433442130961208,0.01771925312422217,0.009788130962564558
1,0.06535712972260124,0.015961432412929612,0.008965986868152795,0.16771088783265087,0.017804069752840317,0.009291981446353546
2,0.06826754037082523,0.017024666501039988,0.009264555969956269,0.16064012180572512,0.01880485118998744,0.009580989918988377
3,0.06681234036407074,0.01727292480344428,0.009615091041240245,0.18471098311381404,0.018684453461471188,0.010089948864377902
4,0.07117795175143869,0.017012788326445184,0.00948038944809587,0.1733546388393693,0.01865281269333887,0.009836048059605992
5,0.06535713214307817,0.016601418706596732,0.009302988953529453,0.18952004088698277,0.017830607280414634,0.009685681059946313
6,0.06535712898907922,0.01706216727798355,0.009050398668211002,0.1556436791171392,0.01826983667972196,0.009227277803393693
7,0.0653571308457404,0.016209619913230236,0.009623057135889346,0.18978168315925723,0.018673751312213757,0.010128147155301095
8,0.07263315744147293,0.01751677771242714,0.009980176380667468,0.18420102050159107,0.01936796960410186,0.010429213090788229
9,0.06244671760926906,0.016929477734349697,0.00884094746377479,0.15440404666214363,0.017832988976305378,0.008925917767471004
