Experiment Repetition Index,"(0,KS)","(1,KS)","(2,KS)","(0,CHI2)","(1,CHI2)","(2,CHI2)"
0,0.08081111776218895,0.021496742960963787,0.011445625528313384,0.1720238104679058,0.023501800708422272,0.011278772747108888
1,0.0696825969653825,0.01830783830835696,0.009892407355158579,0.15563986433848107,0.021313227811826572,0.010209835612752429
2,0.0682915180301655,0.018650346597403573,0.010088672249065537,0.14874197290606905,0.02143746959909883,0.010283751176050591
3,0.07663791793843512,0.02041993543062349,0.010897579116863138,0.19213578385456492,0.02364539778682545,0.011339113362738795
4,0.07942005113296427,0.02022991979387702,0.01086825106704561,0.1617309573094248,0.022668760199328928,0.01088649882750036
5,0.07663791793811024,0.020209682881140587,0.010943694354692814,0.20284947786927837,0.023378818379339784,0.011178251735786912
6,0.06968258469987021,0.01855582754501421,0.010027100580925066,0.13338520459039566,0.020331216887127555,0.00967874123125649
7,0.08511357128235428,0.01926001271027943,0.010668038678158947,0.20109860581722358,0.024198533397628005,0.011605748701190811
8,0.07942005113296427,0.020599478346347875,0.011013651921617114,0.18546134484204535,0.024122098710589616,0.011580457772977249
9,0.06968258469987021,0.01815180868037093,0.009781532259648304,0.13670590454970377,0.019885960946725102,0.009449939708980825
